<?xml version="1.0" encoding="UTF-8"?>
<beans xmlns="http://www.springframework.org/schema/beans"
	xmlns:xsi="http://www.w3.org/2001/XMLSchema-instance"
	xmlns:p="http://www.springframework.org/schema/p"
	xmlns:context="http://www.springframework.org/schema/context"
	xmlns:mvc="http://www.springframework.org/schema/mvc"
	xsi:schemaLocation="http://www.springframework.org/schema/beans http://www.springframework.org/schema/beans/spring-beans-4.0.xsd
                http://www.springframework.org/schema/context http://www.springframework.org/schema/context/spring-context-4.0.xsd
                http://www.springframework.org/schema/mvc http://www.springframework.org/schema/mvc/spring-mvc-4.0.xsd">

	<context:component-scan base-package="egov">
		<context:include-filter type="annotation" expression="org.springframework.stereotype.Controller" />
		<context:exclude-filter type="annotation" expression="org.springframework.stereotype.Service" />
		<context:exclude-filter type="annotation" expression="org.springframework.stereotype.Repository" />
	</context:component-scan>

	<bean class="org.springframework.web.servlet.mvc.method.annotation.RequestMappingHandlerAdapter">
		<property name="webBindingInitializer">
			<bean class="egovframework.example.cmmn.web.EgovBindingInitializer" />
		</property>
		<property name="messageConverters">
		<list>    
		<bean class="org.springframework.http.converter.json.MappingJackson2HttpMessageConverter">
			<property name="supportedMediaTypes">
				<list>
					<value>text/html;charset=UTF-8</value>
	 				<value>application/json;charset=UTF-8</value>
				</list>
			</property>
		</bean>            
		</list>
		</property> 
	</bean>
	
	<bean class="org.springframework.web.servlet.mvc.method.annotation.RequestMappingHandlerMapping">
		<property name="interceptors">
			<list>
				<ref bean="localeChangeInterceptor" />
			</list>
		</property>
	</bean>

	<bean id="localeResolver" class="org.springframework.web.servlet.i18n.SessionLocaleResolver" />
	<!-- 쿠키를 이용한 Locale 이용시 <bean id="localeResolver" class="org.springframework.web.servlet.i18n.CookieLocaleResolver"/> -->
	
	<bean id="localeChangeInterceptor" class="org.springframework.web.servlet.i18n.LocaleChangeInterceptor">
		<property name="paramName" value="language" />
	</bean>

	<bean class="org.springframework.web.servlet.handler.SimpleMappingExceptionResolver">
		<property name="defaultErrorView" value="cmmn/egovError" />
		<property name="exceptionMappings">
			<props>
				<prop key="org.springframework.dao.DataAccessException">cmmn/dataAccessFailure</prop>
				<prop key="org.springframework.transaction.TransactionException">cmmn/transactionFailure</prop>
				<prop key="org.egovframe.rte.fdl.cmmn.exception.EgovBizException">cmmn/egovError</prop>
				<prop key="org.springframework.security.AccessDeniedException">cmmn/egovError</prop>
			</props>
		</property>
	</bean>

	<bean class="org.springframework.web.servlet.view.UrlBasedViewResolver" p:order="1" p:viewClass="org.springframework.web.servlet.view.JstlView" p:prefix="/WEB-INF/jsp/" p:suffix=".jsp" />

	<!-- MultipartResolver -->
    <bean id="multipartResolver" class="org.springframework.web.multipart.commons.CommonsMultipartResolver">
		<property name="maxUploadSize" value="100000000" />
		<property name="maxInMemorySize" value="100000000" />
	</bean>

	<mvc:view-controller path="/cmmn/validator.do" view-name="cmmn/validator" />
</beans>