<?xml version="1.0" encoding="UTF-8"?>
<beans xmlns="http://www.springframework.org/schema/beans" 
	xmlns:xsi="http://www.w3.org/2001/XMLSchema-instance"
	xmlns:mvc="http://www.springframework.org/schema/mvc"
	xmlns:context="http://www.springframework.org/schema/context"
	xsi:schemaLocation="http://www.springframework.org/schema/beans http://www.springframework.org/schema/beans/spring-beans-4.0.xsd  http://www.springframework.org/schema/context http://www.springframework.org/schema/context/spring-context-4.0.xsd http://www.springframework.org/schema/mvc http://www.springframework.org/schema/mvc/spring-mvc.xsd">

    <context:component-scan base-package="egov">
       <context:exclude-filter type="annotation" expression="org.springframework.stereotype.Controller" />
    </context:component-scan>
    
    <!-- 설정파일 등록 또는 @PropertySource("classpath:application.properties") -->
    <bean id="egov.propertyConfigurer" class="org.springframework.beans.factory.config.PropertyPlaceholderConfigurer">
        <property name="locations">
            <list>
                <value>classpath:application.properties</value>
            </list>
        </property>
    </bean>
    
    <!-- 인터셉터 등록 -->
    <mvc:interceptors>
		<mvc:interceptor>
			<mvc:mapping path="/**"/>
	        <mvc:exclude-mapping path="/log**"/>
		    <bean class="egov.cmm.interceptor.MyInterceptor" />
		</mvc:interceptor>
	</mvc:interceptors>

    <!-- 국제화 Message 설정
	<bean id="messageSource" class="org.springframework.context.support.ReloadableResourceBundleMessageSource">
		<property name="basenames">
			<list>
				<value>classpath:/message/back/msg-cmm</value>
				<value>classpath:/message/board/msg-cmm</value>
			</list>
		</property>
		<property name="cacheSeconds">
			<value>60</value>
		</property>
	</bean>
	 -->	 
	  <!--  와일드카드 패턴 국제화 Message 설정-->
	<bean id="messageSource" class="egov.cmm.WildcardMessageSource">
	    <property name="basenames">
	        <list>
	            <value>classpath:/message/**/msg-cmm.properties</value>
	        </list>
	    </property>
	    <property name="cacheSeconds" value="60" />
	</bean>

	
	<bean id="leaveaTrace" class="org.egovframe.rte.fdl.cmmn.trace.LeaveaTrace">
		<property name="traceHandlerServices">
			<list>
				<ref bean="traceHandlerService" />
			</list>
		</property>
	</bean>

	<bean id="traceHandlerService" class="org.egovframe.rte.fdl.cmmn.trace.manager.DefaultTraceHandleManager">
		<property name="reqExpMatcher">
			<ref bean="antPathMater" />
		</property>
		<property name="patterns">
			<list>
				<value>*</value>
			</list>
		</property>
		<property name="handlers">
			<list>
				<ref bean="defaultTraceHandler" />
			</list>
		</property>
	</bean>
	
	<bean id="antPathMater" class="org.springframework.util.AntPathMatcher" />
	<bean id="defaultTraceHandler" class="org.egovframe.rte.fdl.cmmn.trace.handler.DefaultTraceHandler" />
	 
</beans>
