<?xml version="1.0" encoding="UTF-8"?>
<!DOCTYPE mapper PUBLIC "-//mybatis.org//DTD Mapper 3.0//EN" "http://mybatis.org/dtd/mybatis-3-mapper.dtd">
<mapper namespace="egov.board.service.impl.BoardMapper">

<select id="selectBoardList" resultType="egov.board.model.BoardVO">
SELECT *
	FROM (
	SELECT A.* , ROWNUM RNUM
	FROM (
		SELECT * FROM VIEW_boards order by groupId DESC, sort ASC 
<![CDATA[					
	) A 
) WHERE RNUM between (#{pageNum} - 1) * #{amount} + 1 and #{pageNum} * #{amount}
]]>
</select>

<select id="selectBoardListTotCnt" resultType="int">
SELECT COUNT(*) 
FROM boards
</select>

<select id="viewBoard" resultType="egov.board.model.BoardVO">
	SELECT 
	    b.*,
	    NVL(l.likes,0) as likeState
	FROM 
	    view_boards b
	left JOIN
	    likes l ON b.boardid = l.boardid AND l.memberId=#{memberId}
	WHERE 
    	b.boardid =#{boardId}
</select>

<select id="hitCheck" resultType="int">
	SELECT NVL(TRUNC((SYSDATE - MAX(time)) * 24 * 60 * 60), 24 * 60 * 60) AS sec 
	FROM hits 
	WHERE boardId=#{boardId} AND memberId=#{memberId}
</select>
<insert id="hitBoard">
	insert into hits(boardId, memberId) values(#{boardId}, #{memberId})
</insert>

<delete id="dellikeBoard">
	delete from likes WHERE boardId=#{boardId} AND memberId=#{memberId}
</delete>
<insert id="insertlikeBoard">
	insert into likes (boardId, memberId, likes) VALUES(#{boardId},#{memberId},#{likeState})
</insert>

<delete id="delBoard">
	delete from boards where boardId = #{boardId}
</delete>

<select id="viewFileList" resultType="egov.board.model.FilesVO">
	select * from files where fileGroudId = #{fileGroudId}
</select>

<delete id="delFile">
	delete from files where fileGroudId = #{fileGroudId}
</delete>

<insert id="insertBoard" statementType="CALLABLE">
    { call InsertBoard(#{title}, #{boardContents}, #{fileGroudId}, #{groupId}, #{depth}, #{sort}, #{out_parm, mode=OUT, jdbcType=INTEGER} ) }
</insert>

<insert id="insertFile">
insert into files (fileGroudId, saveName, originalName, fileSize) values (#{fileGroudId}, #{saveName}, #{originalName}, #{fileSize})
</insert>

<insert id="insertBoard2">
INSERT INTO BOARDS ( title, boardContents )
    VALUES ( #{title}, #{boardContents} )
</insert>

<insert id="insertBoard3">
INSERT INTO BOARDS ( boardContents )
    VALUES ( #{boardContents} )
</insert>
</mapper>